year,original,wayback_raw
2020,https://www.berlin.de/landesverwaltungsamt/_assets/logistikservice/amtsblatt-fuer-berlin/abl_2020_14_1889_1996_online.pdf,
2020,https://www.berlin.de/landesverwaltungsamt/_assets/logistikservice/amtsblatt-fuer-berlin/abl_2020_15_1997_2104_online.pdf,
2020,https://www.berlin.de/landesverwaltungsamt/_assets/logistikservice/amtsblatt-fuer-berlin/abl_2020_40_4933_5036_online.pdf,
2020,https://www.berlin.de/landesverwaltungsamt/_assets/logistikservice/amtsblatt-fuer-berlin/abl_2020_41_5037_5124_online.pdf,
2020,https://www.berlin.de/landesverwaltungsamt/_assets/logistikservice/amtsblatt-fuer-berlin/abl_2020_42_5125_5208_online.pdf,
2020,https://www.berlin.de/landesverwaltungsamt/_assets/logistikservice/amtsblatt-fuer-berlin/abl_2020_43_5209_5256_online.pdf,
2020,https://www.berlin.de/landesverwaltungsamt/_assets/logistikservice/amtsblatt-fuer-berlin/abl_2020_44_5257_5340_online.pdf,
2020,https://www.berlin.de/landesverwaltungsamt/_assets/logistikservice/amtsblatt-fuer-berlin/abl_2020_45_5341_5412_online.pdf,
2020,https://www.berlin.de/landesverwaltungsamt/_assets/logistikservice/amtsblatt-fuer-berlin/abl_2020_51_5823_5910_online.pdf,
2020,https://www.berlin.de/landesverwaltungsamt/_assets/logistikservice/amtsblatt-fuer-berlin/abl_2020_55_6227_6354_online.pdf,
2020,https://www.berlin.de/landesverwaltungsamt/_assets/logistikservice/amtsblatt-fuer-berlin/abl_2020_sr_0001_0028_online.pdf,
2021,https://www.berlin.de/landesverwaltungsamt/_assets/logistikservice/amtsblatt-fuer-berlin/abl_2021_15_1089_1220_online.pdf,
2021,https://www.berlin.de/landesverwaltungsamt/_assets/logistikservice/amtsblatt-fuer-berlin/abl_2021_16_1221_1304_online.pdf,
2021,https://www.berlin.de/landesverwaltungsamt/_assets/logistikservice/amtsblatt-fuer-berlin/abl_2021_20_1745_1804_online.pdf,
2021,https://www.berlin.de/landesverwaltungsamt/_assets/logistikservice/amtsblatt-fuer-berlin/abl_2021_23_1913_2052_online.pdf,
2021,https://www.berlin.de/landesverwaltungsamt/_assets/logistikservice/amtsblatt-fuer-berlin/abl_2021_24_2053_2104_online.pdf,
2021,https://www.berlin.de/landesverwaltungsamt/_assets/logistikservice/amtsblatt-fuer-berlin/abl_2021_29_2481_2536_online.pdf,
2021,https://www.berlin.de/landesverwaltungsamt/_assets/logistikservice/amtsblatt-fuer-berlin/abl_2021_31_2589_2676_online.pdf,
2021,https://www.berlin.de/landesverwaltungsamt/_assets/logistikservice/amtsblatt-fuer-berlin/abl_2021_32_2677_2772_online.pdf,
2021,https://www.berlin.de/landesverwaltungsamt/_assets/logistikservice/amtsblatt-fuer-berlin/abl_2021_33_2773_2820_online.pdf,
2021,https://www.berlin.de/landesverwaltungsamt/_assets/logistikservice/amtsblatt-fuer-berlin/abl_2021_34_2821_2896_online.pdf,
2021,https://www.berlin.de/landesverwaltungsamt/_assets/logistikservice/amtsblatt-fuer-berlin/abl_2021_35_2897_2964_online.pdf,
2021,https://www.berlin.de/landesverwaltungsamt/_assets/logistikservice/amtsblatt-fuer-berlin/abl_2021_36_2965_3400_online.pdf,
2021,https://www.berlin.de/landesverwaltungsamt/_assets/logistikservice/amtsblatt-fuer-berlin/abl_2021_37_3401_3492_online.pdf,
2021,https://www.berlin.de/landesverwaltungsamt/_assets/logistikservice/amtsblatt-fuer-berlin/abl_2021_41_3717_3792_online.pdf,
2021,https://www.berlin.de/landesverwaltungsamt/_assets/logistikservice/amtsblatt-fuer-berlin/abl_2021_45_4009_4092_online.pdf,
2021,https://www.berlin.de/landesverwaltungsamt/_assets/logistikservice/amtsblatt-fuer-berlin/abl_2021_46_4093_4148_online.pdf,
2021,https://www.berlin.de/landesverwaltungsamt/_assets/logistikservice/amtsblatt-fuer-berlin/abl_2021_47_4149_4332_online.pdf,
2021,https://www.berlin.de/landesverwaltungsamt/_assets/logistikservice/amtsblatt-fuer-berlin/abl_2021_48_4333_4456_online.pdf,
2021,https://www.berlin.de/landesverwaltungsamt/_assets/logistikservice/amtsblatt-fuer-berlin/abl_2021_49_4457_4624_online.pdf,
2021,https://www.berlin.de/landesverwaltungsamt/_assets/logistikservice/amtsblatt-fuer-berlin/abl_2021_50_4625_4696_online.pdf,
2021,https://www.berlin.de/landesverwaltungsamt/_assets/logistikservice/amtsblatt-fuer-berlin/abl_2021_51_4697_4784_online.pdf,
2021,https://www.berlin.de/landesverwaltungsamt/_assets/logistikservice/amtsblatt-fuer-berlin/abl_2021_52_4785_4880_online.pdf,
2021,https://www.berlin.de/landesverwaltungsamt/_assets/logistikservice/amtsblatt-fuer-berlin/abl_2021_53_4881_4960_online.pdf,
2021,https://www.berlin.de/landesverwaltungsamt/_assets/logistikservice/amtsblatt-fuer-berlin/abl_2021_54_4961_5184_online.pdf,
2021,https://www.berlin.de/landesverwaltungsamt/_assets/logistikservice/amtsblatt-fuer-berlin/abl_2021_55_5185_5316_online.pdf,
2021,https://www.berlin.de/landesverwaltungsamt/_assets/logistikservice/amtsblatt-fuer-berlin/abl_2021_56_5317_5512_online_vbb-tarif.pdf,
2021,https://www.berlin.de/landesverwaltungsamt/_assets/logistikservice/amtsblatt-fuer-berlin/abl_2021_57_5513_5592_online.pdf,
2021,https://www.berlin.de/landesverwaltungsamt/_assets/logistikservice/amtsblatt-fuer-berlin/abl_2021_58_5593_5812_online.pdf,
2021,https://www.berlin.de/landesverwaltungsamt/_assets/logistikservice/amtsblatt-fuer-berlin/abl_2021_sr_0001_0032_online.pdf,
2022,https://www.berlin.de/landesverwaltungsamt/_assets/logistikservice/amtsblatt-fuer-berlin/abl_2022_01_0001_0048_online.pdf,
2022,https://www.berlin.de/landesverwaltungsamt/_assets/logistikservice/amtsblatt-fuer-berlin/abl_2022_02_0049_0116_online.pdf,
2022,https://www.berlin.de/landesverwaltungsamt/_assets/logistikservice/amtsblatt-fuer-berlin/abl_2022_03_0117_0172_online.pdf,
2022,https://www.berlin.de/landesverwaltungsamt/_assets/logistikservice/amtsblatt-fuer-berlin/abl_2022_04_0173_0236_online.pdf,
2022,https://www.berlin.de/landesverwaltungsamt/_assets/logistikservice/amtsblatt-fuer-berlin/abl_2022_05_0237_0304_online.pdf,
2022,https://www.berlin.de/landesverwaltungsamt/_assets/logistikservice/amtsblatt-fuer-berlin/abl_2022_06_0305_0372_online.pdf,
2022,https://www.berlin.de/landesverwaltungsamt/_assets/logistikservice/amtsblatt-fuer-berlin/abl_2022_07_0373_0444_online.pdf,
2022,https://www.berlin.de/landesverwaltungsamt/_assets/logistikservice/amtsblatt-fuer-berlin/abl_2022_08_0445_0532_online.pdf,
2022,https://www.berlin.de/landesverwaltungsamt/_assets/logistikservice/amtsblatt-fuer-berlin/abl_2022_09_0533_0596_online.pdf,
2022,https://www.berlin.de/landesverwaltungsamt/_assets/logistikservice/amtsblatt-fuer-berlin/abl_2022_10_0597_0656_online.pdf,
2022,https://www.berlin.de/landesverwaltungsamt/_assets/logistikservice/amtsblatt-fuer-berlin/abl_2022_11_0657_0712_online.pdf,
2022,https://www.berlin.de/landesverwaltungsamt/_assets/logistikservice/amtsblatt-fuer-berlin/abl_2022_12_0713_0788_online.pdf,
2022,https://www.berlin.de/landesverwaltungsamt/_assets/logistikservice/amtsblatt-fuer-berlin/abl_2022_13_0789_0852_online.pdf,
2022,https://www.berlin.de/landesverwaltungsamt/_assets/logistikservice/amtsblatt-fuer-berlin/abl_2022_14_0853_0916_online.pdf,
2022,https://www.berlin.de/landesverwaltungsamt/_assets/logistikservice/amtsblatt-fuer-berlin/abl_2022_15_0917_0976_online.pdf,
2022,https://www.berlin.de/landesverwaltungsamt/_assets/logistikservice/amtsblatt-fuer-berlin/abl_2022_16_0977_1032_online.pdf,
2022,https://www.berlin.de/landesverwaltungsamt/_assets/logistikservice/amtsblatt-fuer-berlin/abl_2022_17_1033_1092_online.pdf,
2022,https://www.berlin.de/landesverwaltungsamt/_assets/logistikservice/amtsblatt-fuer-berlin/abl_2022_18_1093_1148_online.pdf,
2022,https://www.berlin.de/landesverwaltungsamt/_assets/logistikservice/amtsblatt-fuer-berlin/abl_2022_19_1149_1212_online.pdf,
2022,https://www.berlin.de/landesverwaltungsamt/_assets/logistikservice/amtsblatt-fuer-berlin/abl_2022_20_1213_1256_online.pdf,
2022,https://www.berlin.de/landesverwaltungsamt/_assets/logistikservice/amtsblatt-fuer-berlin/abl_2022_21_1257_1304_online.pdf,
2022,https://www.berlin.de/landesverwaltungsamt/_assets/logistikservice/amtsblatt-fuer-berlin/abl_2022_22_1305_1384_online.pdf,
2022,https://www.berlin.de/landesverwaltungsamt/_assets/logistikservice/amtsblatt-fuer-berlin/abl_2022_23_1385_1452_online.pdf,
2022,https://www.berlin.de/landesverwaltungsamt/_assets/logistikservice/amtsblatt-fuer-berlin/abl_2022_24_1453_1488_online.pdf,
2022,https://www.berlin.de/landesverwaltungsamt/_assets/logistikservice/amtsblatt-fuer-berlin/abl_2022_25_1489_1544_online.pdf,
2022,https://www.berlin.de/landesverwaltungsamt/_assets/logistikservice/amtsblatt-fuer-berlin/abl_2022_26_1545_1632_online.pdf,
2022,https://www.berlin.de/landesverwaltungsamt/_assets/logistikservice/amtsblatt-fuer-berlin/abl_2022_27_1633_1692_online.pdf,
2022,https://www.berlin.de/landesverwaltungsamt/_assets/logistikservice/amtsblatt-fuer-berlin/abl_2022_30_2009_2068_online.pdf,
2022,https://www.berlin.de/landesverwaltungsamt/_assets/logistikservice/amtsblatt-fuer-berlin/abl_2022_31_2069_2132_online.pdf,
2022,https://www.berlin.de/landesverwaltungsamt/_assets/logistikservice/amtsblatt-fuer-berlin/abl_2022_32_2133_2188_online.pdf,
2022,https://www.berlin.de/landesverwaltungsamt/_assets/logistikservice/amtsblatt-fuer-berlin/abl_2022_33_2189_2232_online.pdf,
2022,https://www.berlin.de/landesverwaltungsamt/_assets/logistikservice/amtsblatt-fuer-berlin/abl_2022_36_2353_2408_online.pdf,
2022,https://www.berlin.de/landesverwaltungsamt/_assets/logistikservice/amtsblatt-fuer-berlin/abl_2022_38_2521_2620_online.pdf,
2022,https://www.berlin.de/landesverwaltungsamt/_assets/logistikservice/amtsblatt-fuer-berlin/abl_2022_40_2729_2764_online.pdf,
2022,https://www.berlin.de/landesverwaltungsamt/_assets/logistikservice/amtsblatt-fuer-berlin/abl_2022_41_2765_2832_online.pdf,
2022,https://www.berlin.de/landesverwaltungsamt/_assets/logistikservice/amtsblatt-fuer-berlin/abl_2022_42_2833_2916_online.pdf,
2022,https://www.berlin.de/landesverwaltungsamt/_assets/logistikservice/amtsblatt-fuer-berlin/abl_2022_43_2917_2976_online.pdf,
2022,https://www.berlin.de/landesverwaltungsamt/_assets/logistikservice/amtsblatt-fuer-berlin/abl_2022_44_2977_3032_online.pdf,
2022,https://www.berlin.de/landesverwaltungsamt/_assets/logistikservice/amtsblatt-fuer-berlin/abl_2022_45_3033_3096_online.pdf,
2022,https://www.berlin.de/landesverwaltungsamt/_assets/logistikservice/amtsblatt-fuer-berlin/abl_2022_46_3097_3200_online.pdf,
2022,https://www.berlin.de/landesverwaltungsamt/_assets/logistikservice/amtsblatt-fuer-berlin/abl_2022_47_3201_3352_online.pdf,
2022,https://www.berlin.de/landesverwaltungsamt/_assets/logistikservice/amtsblatt-fuer-berlin/abl_2022_48_3353_3360_online.pdf,
2022,https://www.berlin.de/landesverwaltungsamt/_assets/logistikservice/amtsblatt-fuer-berlin/abl_2022_49_3361_3472_online.pdf,
2022,https://www.berlin.de/landesverwaltungsamt/_assets/logistikservice/amtsblatt-fuer-berlin/abl_2022_50_3473_3552_online.pdf,
2022,https://www.berlin.de/landesverwaltungsamt/_assets/logistikservice/amtsblatt-fuer-berlin/abl_2022_51_3553_3620_online.pdf,
2022,https://www.berlin.de/landesverwaltungsamt/_assets/logistikservice/amtsblatt-fuer-berlin/abl_2022_52_3621_3720_online.pdf,
2022,https://www.berlin.de/landesverwaltungsamt/_assets/logistikservice/amtsblatt-fuer-berlin/abl_2022_53_3721_3860_online.pdf,
2022,https://www.berlin.de/landesverwaltungsamt/_assets/logistikservice/amtsblatt-fuer-berlin/abl_2022_54_3861_3956_online.pdf,
2022,https://www.berlin.de/landesverwaltungsamt/_assets/logistikservice/amtsblatt-fuer-berlin/abl_2022_sr_0001_0028_online.pdf,
2023,https://www.berlin.de/landesverwaltungsamt/_assets/logistikservice/amtsblatt-fuer-berlin/abl_2023_01_0001_0140_online.pdf,
2023,https://www.berlin.de/landesverwaltungsamt/_assets/logistikservice/amtsblatt-fuer-berlin/abl_2023_02_0141_0296_online.pdf,
2023,https://www.berlin.de/landesverwaltungsamt/_assets/logistikservice/amtsblatt-fuer-berlin/abl_2023_03_0297_0360_online.pdf,
2023,https://www.berlin.de/landesverwaltungsamt/_assets/logistikservice/amtsblatt-fuer-berlin/abl_2023_04_0361_0452_online.pdf,
2023,https://www.berlin.de/landesverwaltungsamt/_assets/logistikservice/amtsblatt-fuer-berlin/abl_2023_05_0453_0508_online.pdf,
2023,https://www.berlin.de/landesverwaltungsamt/_assets/logistikservice/amtsblatt-fuer-berlin/abl_2023_06_0509_0660_online.pdf,
2023,https://www.berlin.de/landesverwaltungsamt/_assets/logistikservice/amtsblatt-fuer-berlin/abl_2023_07_0661_0724_online.pdf,
2023,https://www.berlin.de/landesverwaltungsamt/_assets/logistikservice/amtsblatt-fuer-berlin/abl_2023_08_0725_0852_online.pdf,
2023,https://www.berlin.de/landesverwaltungsamt/_assets/logistikservice/amtsblatt-fuer-berlin/abl_2023_09_0853_0928_online.pdf,
2023,https://www.berlin.de/landesverwaltungsamt/_assets/logistikservice/amtsblatt-fuer-berlin/abl_2023_10_0929_1092_online.pdf,
2023,https://www.berlin.de/landesverwaltungsamt/_assets/logistikservice/amtsblatt-fuer-berlin/abl_2023_11_1093_1284_online.pdf,
2023,https://www.berlin.de/landesverwaltungsamt/_assets/logistikservice/amtsblatt-fuer-berlin/abl_2023_12_1285_1328_online.pdf,
2023,https://www.berlin.de/landesverwaltungsamt/_assets/logistikservice/amtsblatt-fuer-berlin/abl_2023_13_1329_1552_online_vbb-tarif.pdf,
2023,https://www.berlin.de/landesverwaltungsamt/_assets/logistikservice/amtsblatt-fuer-berlin/abl_2023_14_1553_1632_online.pdf,
2023,https://www.berlin.de/landesverwaltungsamt/_assets/logistikservice/amtsblatt-fuer-berlin/abl_2023_15_1633_1704_online.pdf,
2023,https://www.berlin.de/landesverwaltungsamt/_assets/logistikservice/amtsblatt-fuer-berlin/abl_2023_16_1705_1760_online.pdf,
2023,https://www.berlin.de/landesverwaltungsamt/_assets/logistikservice/amtsblatt-fuer-berlin/abl_2023_17_1761_1912_online.pdf,
2023,https://www.berlin.de/landesverwaltungsamt/_assets/logistikservice/amtsblatt-fuer-berlin/abl_2023_18_1913_1996_online.pdf,
2023,https://www.berlin.de/landesverwaltungsamt/_assets/logistikservice/amtsblatt-fuer-berlin/abl_2023_19_1997_2128_online.pdf,
2023,https://www.berlin.de/landesverwaltungsamt/_assets/logistikservice/amtsblatt-fuer-berlin/abl_2023_20_2129_2184_online.pdf,
2023,https://www.berlin.de/landesverwaltungsamt/_assets/logistikservice/amtsblatt-fuer-berlin/abl_2023_21_2185_2248_online.pdf,
2023,https://www.berlin.de/landesverwaltungsamt/_assets/logistikservice/amtsblatt-fuer-berlin/abl_2023_22_2249_2332_online.pdf,
2023,https://www.berlin.de/landesverwaltungsamt/_assets/logistikservice/amtsblatt-fuer-berlin/abl_2023_23_2333_2480_online.pdf,
2023,https://www.berlin.de/landesverwaltungsamt/_assets/logistikservice/amtsblatt-fuer-berlin/abl_2023_24_2481_2520_online.pdf,
2023,https://www.berlin.de/landesverwaltungsamt/_assets/logistikservice/amtsblatt-fuer-berlin/abl_2023_25_2521_2620_online.pdf,
2023,https://www.berlin.de/landesverwaltungsamt/_assets/logistikservice/amtsblatt-fuer-berlin/abl_2023_26_2621_2920_online.pdf,
2023,https://www.berlin.de/landesverwaltungsamt/_assets/logistikservice/amtsblatt-fuer-berlin/abl_2023_27_2921_2980_online.pdf,
2023,https://www.berlin.de/landesverwaltungsamt/_assets/logistikservice/amtsblatt-fuer-berlin/abl_2023_28_2981_3084_online.pdf,
2023,https://www.berlin.de/landesverwaltungsamt/_assets/logistikservice/amtsblatt-fuer-berlin/abl_2023_29_3085_3224_online.pdf,
2023,https://www.berlin.de/landesverwaltungsamt/_assets/logistikservice/amtsblatt-fuer-berlin/abl_2023_32_3341_3408_online.pdf,
2023,https://www.berlin.de/landesverwaltungsamt/_assets/logistikservice/amtsblatt-fuer-berlin/abl_2023_39_3803_3908_online.pdf,
2023,https://www.berlin.de/landesverwaltungsamt/_assets/logistikservice/amtsblatt-fuer-berlin/abl_2023_40_3909_3968_online.pdf,
2023,https://www.berlin.de/landesverwaltungsamt/_assets/logistikservice/amtsblatt-fuer-berlin/abl_2023_41_3969_4028_online.pdf,
2023,https://www.berlin.de/landesverwaltungsamt/_assets/logistikservice/amtsblatt-fuer-berlin/abl_2023_42_4029_4112_online.pdf,
2023,https://www.berlin.de/landesverwaltungsamt/_assets/logistikservice/amtsblatt-fuer-berlin/abl_2023_43_4113_4148_online.pdf,
2023,https://www.berlin.de/landesverwaltungsamt/_assets/logistikservice/amtsblatt-fuer-berlin/abl_2023_44_4149_4196_online.pdf,
2023,https://www.berlin.de/landesverwaltungsamt/_assets/logistikservice/amtsblatt-fuer-berlin/abl_2023_45_4197_4256_online.pdf,
2023,https://www.berlin.de/landesverwaltungsamt/_assets/logistikservice/amtsblatt-fuer-berlin/abl_2023_46_4257_4312_online.pdf,
2023,https://www.berlin.de/landesverwaltungsamt/_assets/logistikservice/amtsblatt-fuer-berlin/abl_2023_47_4313_4372_online.pdf,
2023,https://www.berlin.de/landesverwaltungsamt/_assets/logistikservice/amtsblatt-fuer-berlin/abl_2023_48_4373_4436_online.pdf,
2023,https://www.berlin.de/landesverwaltungsamt/_assets/logistikservice/amtsblatt-fuer-berlin/abl_2023_49_4437_4640_online.pdf,
2023,https://www.berlin.de/landesverwaltungsamt/_assets/logistikservice/amtsblatt-fuer-berlin/abl_2023_50_4641_4716_online.pdf,
2023,https://www.berlin.de/landesverwaltungsamt/_assets/logistikservice/amtsblatt-fuer-berlin/abl_2023_51_4717_4788_online.pdf,
2023,https://www.berlin.de/landesverwaltungsamt/_assets/logistikservice/amtsblatt-fuer-berlin/abl_2023_52_4789_4920_online.pdf,
2023,https://www.berlin.de/landesverwaltungsamt/_assets/logistikservice/amtsblatt-fuer-berlin/abl_2023_53_4921_5172_online.pdf,
2023,https://www.berlin.de/landesverwaltungsamt/_assets/logistikservice/amtsblatt-fuer-berlin/abl_2023_54_5173_5174_online.pdf,
2023,https://www.berlin.de/landesverwaltungsamt/_assets/logistikservice/amtsblatt-fuer-berlin/abl_2023_54_5173_5180_online.pdf,
2023,https://www.berlin.de/landesverwaltungsamt/_assets/logistikservice/amtsblatt-fuer-berlin/abl_2023_55_5181_5396_online.pdf,
2023,https://www.berlin.de/landesverwaltungsamt/_assets/logistikservice/amtsblatt-fuer-berlin/abl_2023_56_5397_5484_online.pdf,
2023,https://www.berlin.de/landesverwaltungsamt/_assets/logistikservice/amtsblatt-fuer-berlin/abl_2023_57_5485_5564_online.pdf,
2023,https://www.berlin.de/landesverwaltungsamt/_assets/logistikservice/amtsblatt-fuer-berlin/abl_2023_sr_0001_0028_online.pdf,
2024,https://www.berlin.de/landesverwaltungsamt/_assets/logistikservice/amtsblatt-fuer-berlin/abl_2024_01_0001_0064_online.pdf,
2024,https://www.berlin.de/landesverwaltungsamt/_assets/logistikservice/amtsblatt-fuer-berlin/abl_2024_02_0065_0116_online.pdf,
2024,https://www.berlin.de/landesverwaltungsamt/_assets/logistikservice/amtsblatt-fuer-berlin/abl_2024_03_0117_0164_online.pdf,
2024,https://www.berlin.de/landesverwaltungsamt/_assets/logistikservice/amtsblatt-fuer-berlin/abl_2024_04_0165_0236_online.pdf,
2024,https://www.berlin.de/landesverwaltungsamt/_assets/logistikservice/amtsblatt-fuer-berlin/abl_2024_05_0237_0304_online.pdf,
2024,https://www.berlin.de/landesverwaltungsamt/_assets/logistikservice/amtsblatt-fuer-berlin/abl_2024_06_0305_0356_online.pdf,
2024,https://www.berlin.de/landesverwaltungsamt/_assets/logistikservice/amtsblatt-fuer-berlin/abl_2024_07_0357_0416_online.pdf,
2024,https://www.berlin.de/landesverwaltungsamt/_assets/logistikservice/amtsblatt-fuer-berlin/abl_2024_08_0417_0480_online.pdf,
2024,https://www.berlin.de/landesverwaltungsamt/_assets/logistikservice/amtsblatt-fuer-berlin/abl_2024_09_0481_0548_online.pdf,
2024,https://www.berlin.de/landesverwaltungsamt/_assets/logistikservice/amtsblatt-fuer-berlin/abl_2024_10_0549_0586_online.pdf,
2024,https://www.berlin.de/landesverwaltungsamt/_assets/logistikservice/amtsblatt-fuer-berlin/abl_2024_11_0587_0654_online.pdf,
2024,https://www.berlin.de/landesverwaltungsamt/_assets/logistikservice/amtsblatt-fuer-berlin/abl_2024_12_0655_0742_online.pdf,
2024,https://www.berlin.de/landesverwaltungsamt/_assets/logistikservice/amtsblatt-fuer-berlin/abl_2024_13_0743_0802_online.pdf,
2024,https://www.berlin.de/landesverwaltungsamt/_assets/logistikservice/amtsblatt-fuer-berlin/abl_2024_14_0803_0878_online.pdf,
2024,https://www.berlin.de/landesverwaltungsamt/_assets/logistikservice/amtsblatt-fuer-berlin/abl_2024_15_0879_0950_online.pdf,
2024,https://www.berlin.de/landesverwaltungsamt/_assets/logistikservice/amtsblatt-fuer-berlin/abl_2024_16_0951_1002_online.pdf,
2024,https://www.berlin.de/landesverwaltungsamt/_assets/logistikservice/amtsblatt-fuer-berlin/abl_2024_17_1003_1070_online.pdf,
2024,https://www.berlin.de/landesverwaltungsamt/_assets/logistikservice/amtsblatt-fuer-berlin/abl_2024_18_1071_1130_online.pdf,
2024,https://www.berlin.de/landesverwaltungsamt/_assets/logistikservice/amtsblatt-fuer-berlin/abl_2024_19_1131_1182_online.pdf,
2024,https://www.berlin.de/landesverwaltungsamt/_assets/logistikservice/amtsblatt-fuer-berlin/abl_2024_20_1183_1234_online.pdf,
2024,https://www.berlin.de/landesverwaltungsamt/_assets/logistikservice/amtsblatt-fuer-berlin/abl_2024_21_1235_1274_online.pdf,
2024,https://www.berlin.de/landesverwaltungsamt/_assets/logistikservice/amtsblatt-fuer-berlin/abl_2024_22_1275_1394_online.pdf,
2024,https://www.berlin.de/landesverwaltungsamt/_assets/logistikservice/amtsblatt-fuer-berlin/abl_2024_23_1395_1478_online.pdf,
2024,https://www.berlin.de/landesverwaltungsamt/_assets/logistikservice/amtsblatt-fuer-berlin/abl_2024_24_1479_1538_online.pdf,
2024,https://www.berlin.de/landesverwaltungsamt/_assets/logistikservice/amtsblatt-fuer-berlin/abl_2024_25_1539_1734_online.pdf,
2024,https://www.berlin.de/landesverwaltungsamt/_assets/logistikservice/amtsblatt-fuer-berlin/abl_2024_26_1735_1790_online.pdf,
2024,https://www.berlin.de/landesverwaltungsamt/_assets/logistikservice/amtsblatt-fuer-berlin/abl_2024_27_1791_1866_online.pdf,
2024,https://www.berlin.de/landesverwaltungsamt/_assets/logistikservice/amtsblatt-fuer-berlin/abl_2024_28_1867_1998_online.pdf,
2024,https://www.berlin.de/landesverwaltungsamt/_assets/logistikservice/amtsblatt-fuer-berlin/abl_2024_29_1999_2054_online.pdf,
2024,https://www.berlin.de/landesverwaltungsamt/_assets/logistikservice/amtsblatt-fuer-berlin/abl_2024_30_2055_2122_online.pdf,
2024,https://www.berlin.de/landesverwaltungsamt/_assets/logistikservice/amtsblatt-fuer-berlin/abl_2024_31_2123_2242_online.pdf,
2024,https://www.berlin.de/landesverwaltungsamt/_assets/logistikservice/amtsblatt-fuer-berlin/abl_2024_32_2243_2298_online.pdf,
2024,https://www.berlin.de/landesverwaltungsamt/_assets/logistikservice/amtsblatt-fuer-berlin/abl_2024_33_2299_2354_online.pdf,
2024,https://www.berlin.de/landesverwaltungsamt/_assets/logistikservice/amtsblatt-fuer-berlin/abl_2024_34_2355_2546_online.pdf,
2024,https://www.berlin.de/landesverwaltungsamt/_assets/logistikservice/amtsblatt-fuer-berlin/abl_2024_35_2547_2610_online.pdf,
2024,https://www.berlin.de/landesverwaltungsamt/_assets/logistikservice/amtsblatt-fuer-berlin/abl_2024_36_2611_2710_online.pdf,
2024,https://www.berlin.de/landesverwaltungsamt/_assets/logistikservice/amtsblatt-fuer-berlin/abl_2024_37_2711_2762_online.pdf,
2024,https://www.berlin.de/landesverwaltungsamt/_assets/logistikservice/amtsblatt-fuer-berlin/abl_2024_38_2763_2834_online.pdf,
2024,https://www.berlin.de/landesverwaltungsamt/_assets/logistikservice/amtsblatt-fuer-berlin/abl_2024_39_2835_2938_online.pdf,
2024,https://www.berlin.de/landesverwaltungsamt/_assets/logistikservice/amtsblatt-fuer-berlin/abl_2024_40_2939_3058_online.pdf,
2024,https://www.berlin.de/landesverwaltungsamt/_assets/logistikservice/amtsblatt-fuer-berlin/abl_2024_41_3059_3162_online.pdf,
2024,https://www.berlin.de/landesverwaltungsamt/_assets/logistikservice/amtsblatt-fuer-berlin/abl_2024_42_3163_3214_online.pdf,
2024,https://www.berlin.de/landesverwaltungsamt/_assets/logistikservice/amtsblatt-fuer-berlin/abl_2024_43_3215_3294_online.pdf,
2024,https://www.berlin.de/landesverwaltungsamt/_assets/logistikservice/amtsblatt-fuer-berlin/abl_2024_44_3295_3354_online.pdf,
2024,https://www.berlin.de/landesverwaltungsamt/_assets/logistikservice/amtsblatt-fuer-berlin/abl_2024_45_3355_3406_online.pdf,
2024,https://www.berlin.de/landesverwaltungsamt/_assets/logistikservice/amtsblatt-fuer-berlin/abl_2024_46_3407_3446_online.pdf,
2024,https://www.berlin.de/landesverwaltungsamt/_assets/logistikservice/amtsblatt-fuer-berlin/abl_2024_47_3447_3490_online.pdf,
2024,https://www.berlin.de/landesverwaltungsamt/_assets/logistikservice/amtsblatt-fuer-berlin/abl_2024_48_3491_3534_online.pdf,
2024,https://www.berlin.de/landesverwaltungsamt/_assets/logistikservice/amtsblatt-fuer-berlin/abl_2024_49_3535_3590_online.pdf,
2024,https://www.berlin.de/landesverwaltungsamt/_assets/logistikservice/amtsblatt-fuer-berlin/abl_2024_50_3591_3794_online.pdf,
2024,https://www.berlin.de/landesverwaltungsamt/_assets/logistikservice/amtsblatt-fuer-berlin/abl_2024_51_3795_3842_online.pdf,
2024,https://www.berlin.de/landesverwaltungsamt/_assets/logistikservice/amtsblatt-fuer-berlin/abl_2024_52_3843_3918_online.pdf,
2024,https://www.berlin.de/landesverwaltungsamt/_assets/logistikservice/amtsblatt-fuer-berlin/abl_2024_53_3919_4142_online.pdf,
2024,https://www.berlin.de/landesverwaltungsamt/_assets/logistikservice/amtsblatt-fuer-berlin/abl_2024_54_4143_4354_online.pdf,
2024,https://www.berlin.de/landesverwaltungsamt/_assets/logistikservice/amtsblatt-fuer-berlin/abl_2024_55_4355_4442_online.pdf,
2025,https://www.berlin.de/landesverwaltungsamt/_assets/logistikservice/amtsblatt-fuer-berlin/abl_2025_01_0001_0116_online.pdf,
2025,https://www.berlin.de/landesverwaltungsamt/_assets/logistikservice/amtsblatt-fuer-berlin/abl_2025_02_0117_0156_online.pdf,
2025,https://www.berlin.de/landesverwaltungsamt/_assets/logistikservice/amtsblatt-fuer-berlin/abl_2025_03_0157_0244_online.pdf,
2025,https://www.berlin.de/landesverwaltungsamt/_assets/logistikservice/amtsblatt-fuer-berlin/abl_2025_04_0245_0352_online.pdf,
2025,https://www.berlin.de/landesverwaltungsamt/_assets/logistikservice/amtsblatt-fuer-berlin/abl_2025_05_0353_0392_online.pdf,
2025,https://www.berlin.de/landesverwaltungsamt/_assets/logistikservice/amtsblatt-fuer-berlin/abl_2025_06_0393_0428_online.pdf,
2025,https://www.berlin.de/landesverwaltungsamt/_assets/logistikservice/amtsblatt-fuer-berlin/abl_2025_08_0501_0548_online.pdf,
2025,https://www.berlin.de/landesverwaltungsamt/_assets/logistikservice/amtsblatt-fuer-berlin/abl_2025_09_0549_0664_online.pdf,
2025,https://www.berlin.de/landesverwaltungsamt/_assets/logistikservice/amtsblatt-fuer-berlin/abl_2025_10_0665_0712_online.pdf,
2025,https://www.berlin.de/landesverwaltungsamt/_assets/logistikservice/amtsblatt-fuer-berlin/abl_2025_11_0713_0768_online.pdf,
2025,https://www.berlin.de/landesverwaltungsamt/_assets/logistikservice/amtsblatt-fuer-berlin/abl_2025_12_0769_0824_online.pdf,
2025,https://www.berlin.de/landesverwaltungsamt/_assets/logistikservice/amtsblatt-fuer-berlin/abl_2025_13_0825_0920_online.pdf,
2025,https://www.berlin.de/landesverwaltungsamt/_assets/logistikservice/amtsblatt-fuer-berlin/abl_2025_14_0921_0992_online.pdf,
2025,https://www.berlin.de/landesverwaltungsamt/_assets/logistikservice/amtsblatt-fuer-berlin/abl_2025_15_0993_1064_online.pdf,
2025,https://www.berlin.de/landesverwaltungsamt/_assets/logistikservice/amtsblatt-fuer-berlin/abl_2025_16_1065_1112_online.pdf,
2025,https://www.berlin.de/landesverwaltungsamt/_assets/logistikservice/amtsblatt-fuer-berlin/abl_2025_17_1113_1140_online.pdf,
2025,https://www.berlin.de/landesverwaltungsamt/_assets/logistikservice/amtsblatt-fuer-berlin/abl_2025_18_1141_1188_online.pdf,
2025,https://www.berlin.de/landesverwaltungsamt/_assets/logistikservice/amtsblatt-fuer-berlin/abl_2025_19_1189_1244_online.pdf,
2025,https://www.berlin.de/landesverwaltungsamt/_assets/logistikservice/amtsblatt-fuer-berlin/abl_2025_20_1245_1284_online.pdf,
2025,https://www.berlin.de/landesverwaltungsamt/_assets/logistikservice/amtsblatt-fuer-berlin/abl_2025_21_1285_1376_online.pdf,
2025,https://www.berlin.de/landesverwaltungsamt/_assets/logistikservice/amtsblatt-fuer-berlin/abl_2025_22_1377_1468_online.pdf,
2025,https://www.berlin.de/landesverwaltungsamt/_assets/logistikservice/amtsblatt-fuer-berlin/abl_2025_23_1469_1520_online.pdf,
2025,https://www.berlin.de/landesverwaltungsamt/_assets/logistikservice/amtsblatt-fuer-berlin/abl_2025_26_1645_1696_online.pdf,
2025,https://www.berlin.de/landesverwaltungsamt/_assets/logistikservice/amtsblatt-fuer-berlin/abl_2025_27_1697_1796_online.pdf,
2025,https://www.berlin.de/landesverwaltungsamt/_assets/logistikservice/amtsblatt-fuer-berlin/abl_2025_28_1797_1840_online.pdf,
2025,https://www.berlin.de/landesverwaltungsamt/_assets/logistikservice/amtsblatt-fuer-berlin/abl_2025_29_1841_1960_online.pdf,
2025,https://www.berlin.de/landesverwaltungsamt/_assets/logistikservice/amtsblatt-fuer-berlin/abl_2025_30_1961_2044_online.pdf,
2025,https://www.berlin.de/landesverwaltungsamt/_assets/logistikservice/amtsblatt-fuer-berlin/abl_2025_31_2045_2088_online.pdf,
2025,https://www.berlin.de/landesverwaltungsamt/_assets/logistikservice/amtsblatt-fuer-berlin/abl_2025_32_2089_2152_online.pdf,
2025,https://www.berlin.de/landesverwaltungsamt/_assets/logistikservice/amtsblatt-fuer-berlin/abl_2025_35_2273_2316_online.pdf,
2025,https://www.berlin.de/landesverwaltungsamt/_assets/logistikservice/amtsblatt-fuer-berlin/abl_2025_38_2429_2468_online.pdf,
2025,https://www.berlin.de/landesverwaltungsamt/_assets/logistikservice/amtsblatt-fuer-berlin/abl_2025_39_2469_2528_online.pdf,
2025,https://www.berlin.de/landesverwaltungsamt/_assets/logistikservice/amtsblatt-fuer-berlin/abl_2025_40_2529_2572_online.pdf,
2025,https://www.berlin.de/landesverwaltungsamt/_assets/logistikservice/amtsblatt-fuer-berlin/abl_2025_41_2573_2656_online.pdf,
2025,https://www.berlin.de/landesverwaltungsamt/_assets/logistikservice/amtsblatt-fuer-berlin/abl_2025_42_2657_2704_online.pdf,
2025,https://www.berlin.de/landesverwaltungsamt/_assets/logistikservice/amtsblatt-fuer-berlin/abl_2025_43_2705_2760_online.pdf,
2025,https://www.berlin.de/landesverwaltungsamt/_assets/logistikservice/amtsblatt-fuer-berlin/abl_2025_46_2869_2964_online.pdf,
2025,https://www.berlin.de/landesverwaltungsamt/_assets/logistikservice/amtsblatt-fuer-berlin/abl_2025_49_3117_3172_online.pdf,
2025,https://www.berlin.de/landesverwaltungsamt/_assets/logistikservice/amtsblatt-fuer-berlin/abl_2025_51_3309_3560_online.pdf,
